[{"model": "app.cat", "pk": 1, "fields": {"name": "Voyages", "created_at": "2023-10-16T03:24:59.486Z"}}, {"model": "app.cat", "pk": 2, "fields": {"name": "Cuisine", "created_at": "2023-10-16T03:24:59.616Z"}}, {"model": "app.cat", "pk": 3, "fields": {"name": "Films et séries", "created_at": "2023-10-16T03:24:59.919Z"}}, {"model": "app.cat", "pk": 4, "fields": {"name": "Musique", "created_at": "2023-10-16T03:25:00.211Z"}}, {"model": "app.cat", "pk": 5, "fields": {"name": "Anime et Manga", "created_at": "2023-10-16T03:25:00.437Z"}}, {"model": "app.cat", "pk": 6, "fields": {"name": "Livres", "created_at": "2023-10-16T03:25:00.617Z"}}, {"model": "app.cat", "pk": 7, "fields": {"name": "Sports", "created_at": "2023-10-16T03:25:00.777Z"}}, {"model": "app.cat", "pk": 8, "fields": {"name": "Hobbies", "created_at": "2023-10-16T03:25:00.981Z"}}, {"model": "app.cat", "pk": 9, "fields": {"name": "Animaux de compagnie", "created_at": "2023-10-16T03:25:01.162Z"}}, {"model": "app.cat", "pk": 10, "fields": {"name": "Art et culture", "created_at": "2023-10-16T03:25:01.376Z"}}, {"model": "app.cat", "pk": 11, "fields": {"name": "Environnement et durabilité", "created_at": "2023-10-16T03:25:01.613Z"}}, {"model": "app.cat", "pk": 12, "fields": {"name": "Rêves et aspirations", "created_at": "2023-10-16T03:25:01.772Z"}}, {"model": "app.cat", "pk": 13, "fields": {"name": "Nouvelles technologies", "created_at": "2023-10-16T03:25:02.095Z"}}, {"model": "app.cat", "pk": 14, "fields": {"name": "Science et découvertes", "created_at": "2023-10-16T03:25:02.253Z"}}, {"model": "app.cat", "pk": 15, "fields": {"name": "Événements locaux", "created_at": "2023-10-16T03:25:02.423Z"}}, {"model": "app.user", "pk": 8, "fields": {"password": "pbkdf2_sha256$600000$N9GNG5PxzV5lwaAUyzL93f$xHi66IPMhwXoKz4l03uITk+w4uTZ3Q20CRrvWLHJxBo=", "last_login": "2023-10-15T16:47:52.186Z", "is_superuser": true, "prenom": null, "email": "georis@gmail.com", "sex": null, "birth": null, "searching": null, "quart": null, "cur_abn": null, "is_staff": true, "is_active": true, "created_at": "2023-09-23T00:32:21.636Z", "last": "2023-09-27T12:42:39.012Z", "essentials": null, "seens_photos": null, "place": null, "only_verified": true, "groups": [], "user_permissions": [], "likes": [], "dislikes": [], "cats": []}}, {"model": "app.user", "pk": 9, "fields": {"password": "pbkdf2_sha256$600000$6CM4bSDZc4rAsPjg5xIvA1$J09HrZtu20RiPa5d13yCPSNmMgA8q81f0kAohBcwro0=", "last_login": null, "is_superuser": false, "prenom": "Arnella", "email": "arnella@gmail.com", "sex": "Femme", "birth": "2003-03-22T01:36:00Z", "searching": "Gentillesse, Religieux", "quart": null, "cur_abn": null, "is_staff": false, "is_active": true, "created_at": "2023-10-12T08:30:02.776Z", "last": "2023-10-12T08:30:02.776Z", "essentials": "{\"all_swipe\": {}, \"seen_tofs\": [], \"already_seens\": []}", "seens_photos": null, "place": null, "only_verified": true, "groups": [], "user_permissions": [], "likes": [10], "dislikes": [], "cats": []}}, {"model": "app.user", "pk": 10, "fields": {"password": "pbkdf2_sha256$600000$KBH0kRhOjl7TYr8Kx1Qx7w$96IVO4ZxZVc+Fb7vxeF3iPOV5ZsPrBsbA5LG04DkvKs=", "last_login": null, "is_superuser": false, "prenom": "Annab", "email": "anna@gmail.com", "sex": "Femme", "birth": "2004-08-06T01:38:00Z", "searching": "Bonté, Serieux", "quart": "{\"lat\":6.3702928,\"lng\":2.3912362}", "cur_abn": 14, "is_staff": false, "is_active": true, "created_at": "2023-10-17T17:14:31.745Z", "last": "2023-10-17T17:14:31.745Z", "essentials": "{\"all_swipe\": {\"2023:8:27\": 23, \"2023:8:28\": 1, \"2023:9:6\": 11, \"2023:9:9\": 1, \"2023:9:10\": 1, \"2023:9:17\": 25}, \"seen_tofs\": [], \"already_seens\": [{\"id\": 20, \"since\": \"Wed, 27 Sep 2023 16:23:48 GMT\"}, {\"id\": 21, \"since\": \"Wed, 27 Sep 2023 16:23:49 GMT\"}, {\"id\": 16, \"since\": \"Tue, 17 Oct 2023 14:06:18 GMT\"}, {\"id\": 9, \"since\": \"Tue, 17 Oct 2023 14:06:21 GMT\"}, {\"id\": 11, \"since\": \"Tue, 17 Oct 2023 15:42:00 GMT\"}, {\"id\": 13, \"since\": \"Tue, 17 Oct 2023 15:42:04 GMT\"}, {\"id\": 17, \"since\": \"Tue, 17 Oct 2023 15:42:07 GMT\"}, {\"id\": 18, \"since\": \"Tue, 17 Oct 2023 15:45:33 GMT\"}, {\"id\": 19, \"since\": \"Tue, 17 Oct 2023 15:45:35 GMT\"}, {\"id\": 12, \"since\": \"Tue, 17 Oct 2023 15:48:44 GMT\"}]}", "seens_photos": "[18]", "place": null, "only_verified": true, "groups": [], "user_permissions": [], "likes": [9, 12, 13, 16, 17], "dislikes": [], "cats": [1, 3, 4]}}, {"model": "app.user", "pk": 11, "fields": {"password": "pbkdf2_sha256$600000$iBGAw7T2Uw2nFqhMa4zxPG$S1zDm71/92A0DQqsdSs6u2B9y1EKgpoygzR8Dd4fwdw=", "last_login": null, "is_superuser": false, "prenom": "Annabelle", "email": "ana@gmail.com", "sex": "Femme", "birth": "2002-11-12T09:03:00Z", "searching": "Honneteté, Fidélité", "quart": "{\"lat\":6.3702928,\"lng\":2.3912362}", "cur_abn": null, "is_staff": false, "is_active": true, "created_at": "2023-09-23T08:05:01.081Z", "last": "2023-09-27T12:42:39.012Z", "essentials": null, "seens_photos": null, "place": null, "only_verified": true, "groups": [], "user_permissions": [], "likes": [10], "dislikes": [], "cats": []}}, {"model": "app.user", "pk": 12, "fields": {"password": "pbkdf2_sha256$600000$rsz1Td1rp3wWLxJFN895FV$LitmftFMvIDUBm/59mKKIgkO7J/T7hY/jf+7RkfgNiM=", "last_login": null, "is_superuser": false, "prenom": "Uru", "email": "uru@gmail.com", "sex": "Femme", "birth": "2023-03-23T09:12:00Z", "searching": "Ambition, Fidelite", "quart": "{\"lat\":6.3702928,\"lng\":2.3912362}", "cur_abn": null, "is_staff": false, "is_active": true, "created_at": "2023-09-23T08:13:01.255Z", "last": "2023-09-27T12:42:39.012Z", "essentials": null, "seens_photos": null, "place": null, "only_verified": true, "groups": [], "user_permissions": [], "likes": [10], "dislikes": [], "cats": []}}, {"model": "app.user", "pk": 13, "fields": {"password": "pbkdf2_sha256$600000$f9P5PtI6ItUxurKgTYCVXj$AxMafMXP/eLIB5lSR/v7b6Xo7tTtNnlxx3DoghBMpPc=", "last_login": null, "is_superuser": false, "prenom": "Prisca", "email": "prisca@gmail.com", "sex": "Femme", "birth": "2006-03-13T07:08:00Z", "searching": "Ambition, Sexy", "quart": null, "cur_abn": null, "is_staff": false, "is_active": true, "created_at": "2023-09-24T06:14:00.071Z", "last": "2023-09-27T12:42:39.012Z", "essentials": null, "seens_photos": null, "place": null, "only_verified": true, "groups": [], "user_permissions": [], "likes": [10], "dislikes": [], "cats": []}}, {"model": "app.user", "pk": 16, "fields": {"password": "pbkdf2_sha256$600000$EVo0HsWyCGdCRhXPEMkjH5$6J0JEH3H30+uXQN9C+A2xhZjANhh6L3c4YfhOdsjukY=", "last_login": null, "is_superuser": false, "prenom": "Prudence", "email": "prudence@gmail.com", "sex": "Femme", "birth": "2006-03-24T08:07:00Z", "searching": "Fierte, Beauté", "quart": "{\"lat\":6.3702928,\"lng\":2.3912362}", "cur_abn": null, "is_staff": false, "is_active": true, "created_at": "2023-09-24T07:08:50.586Z", "last": "2023-09-27T12:42:39.012Z", "essentials": null, "seens_photos": null, "place": null, "only_verified": true, "groups": [], "user_permissions": [], "likes": [10], "dislikes": [], "cats": []}}, {"model": "app.user", "pk": 17, "fields": {"password": "pbkdf2_sha256$600000$dl0yayZoFBa5u8Sx4NBDjN$mhh8L3Ugzu+CjfE+e/Xvq1fsQtx6OuBn1VLc5hu1f7o=", "last_login": null, "is_superuser": false, "prenom": "Alice", "email": "alice@gmail.com", "sex": "Femme", "birth": "2023-09-19T09:42:00Z", "searching": "Integre, Loyal", "quart": "{\"lat\":6.3702928,\"lng\":2.3912362}", "cur_abn": null, "is_staff": false, "is_active": true, "created_at": "2023-09-24T08:45:22.887Z", "last": "2023-09-27T12:42:39.012Z", "essentials": null, "seens_photos": null, "place": null, "only_verified": true, "groups": [], "user_permissions": [], "likes": [10], "dislikes": [], "cats": []}}, {"model": "app.user", "pk": 18, "fields": {"password": "pbkdf2_sha256$600000$G9U969lzgj9nHfNZGlPjvW$huq23CNLdwGBW8I57ojq9OUPlbJT5Cpv1mUvFTvMgCI=", "last_login": null, "is_superuser": false, "prenom": "Esperanza", "email": "esperanza@gmail.com", "sex": "Femme", "birth": "2023-12-24T09:46:00Z", "searching": "Travail, Honnete", "quart": "{\"lat\":6.3702928,\"lng\":2.3912362}", "cur_abn": null, "is_staff": false, "is_active": true, "created_at": "2023-09-24T08:47:41.655Z", "last": "2023-09-27T12:42:39.012Z", "essentials": null, "seens_photos": null, "place": null, "only_verified": true, "groups": [], "user_permissions": [], "likes": [10], "dislikes": [], "cats": []}}, {"model": "app.user", "pk": 19, "fields": {"password": "pbkdf2_sha256$600000$0Yx5nLIsXRUw9dHF0lvIcL$TNRUKOkqKrSgLMslZczX/O/VSb21YIXRvT7fWvfxApg=", "last_login": null, "is_superuser": false, "prenom": "Danielle", "email": "danielle@gmail.com", "sex": "Femme", "birth": "2023-04-04T09:48:00Z", "searching": "Ambitieux, Riche", "quart": "{\"lat\":6.3702928,\"lng\":2.3912362}", "cur_abn": null, "is_staff": false, "is_active": true, "created_at": "2023-09-24T08:49:37.529Z", "last": "2023-09-27T12:42:39.012Z", "essentials": null, "seens_photos": null, "place": null, "only_verified": true, "groups": [], "user_permissions": [], "likes": [], "dislikes": [], "cats": []}}, {"model": "app.user", "pk": 20, "fields": {"password": "pbkdf2_sha256$600000$dKmAZYMSJGwajN0y08tTTE$vd6QhXyzeBXjG6uTTjLPyHehbxHsOucBqddbBEzwZfo=", "last_login": null, "is_superuser": false, "prenom": "Olivia", "email": "olivia@gmail.com", "sex": "Femme", "birth": "2023-07-12T09:50:00Z", "searching": "Honnete, Gentille", "quart": "{\"lat\":6.3702928,\"lng\":2.3912362}", "cur_abn": null, "is_staff": false, "is_active": true, "created_at": "2023-09-24T08:51:54.479Z", "last": "2023-09-27T12:42:39.012Z", "essentials": null, "seens_photos": null, "place": null, "only_verified": true, "groups": [], "user_permissions": [], "likes": [10], "dislikes": [], "cats": []}}, {"model": "app.user", "pk": 21, "fields": {"password": "pbkdf2_sha256$600000$EGmd0xP3evnQsZhDHbCWxY$8ZUMy6gQUMLKu0gtAYorPpWGw7uxKJhMJI2xfa/dCok=", "last_login": null, "is_superuser": false, "prenom": "Ambroise", "email": "ambr@gmail.com", "sex": "Femme", "birth": "2000-12-11T10:04:00Z", "searching": "Gentillesse, travail", "quart": null, "cur_abn": null, "is_staff": false, "is_active": true, "created_at": "2023-09-24T09:06:21.116Z", "last": "2023-09-27T12:42:39.012Z", "essentials": null, "seens_photos": null, "place": null, "only_verified": true, "groups": [], "user_permissions": [], "likes": [], "dislikes": [], "cats": []}}, {"model": "app.verif", "pk": 5, "fields": {"piece": "pieces/Michael-Dell-Motivational-Business-Quotes-Computers-Entrepreneur-Tech-Startup_n9j07v", "created_at": "2023-10-16T06:01:30.182Z", "status": "verified", "user": 10}}, {"model": "app.photos", "pk": 1, "fields": {"name": "anonymous", "file": "photos/test1_ru8t1f", "is_profil": false, "user": null, "created_at": "2023-09-22T16:50:39.397Z", "color": null}}, {"model": "app.photos", "pk": 2, "fields": {"name": "anonymous", "file": "photos/test2_r27kzu", "is_profil": false, "user": null, "created_at": "2023-09-22T16:50:39.397Z", "color": null}}, {"model": "app.photos", "pk": 3, "fields": {"name": "anonymous", "file": "photos/test1_qx6ql4", "is_profil": false, "user": null, "created_at": "2023-09-22T16:50:39.397Z", "color": null}}, {"model": "app.photos", "pk": 4, "fields": {"name": "anonymous", "file": "photos/test1_a1qkut", "is_profil": false, "user": null, "created_at": "2023-09-22T16:50:39.397Z", "color": null}}, {"model": "app.photos", "pk": 5, "fields": {"name": "anonymous", "file": "photos/test2_mehjge", "is_profil": false, "user": null, "created_at": "2023-09-22T16:50:39.397Z", "color": null}}, {"model": "app.photos", "pk": 6, "fields": {"name": "anonymous", "file": "photos/test1_zelief", "is_profil": false, "user": null, "created_at": "2023-09-22T16:50:39.397Z", "color": null}}, {"model": "app.photos", "pk": 7, "fields": {"name": "anonymous", "file": "photos/test1_snkn2g", "is_profil": false, "user": null, "created_at": "2023-09-22T16:50:39.397Z", "color": null}}, {"model": "app.photos", "pk": 8, "fields": {"name": "anonymous", "file": "photos/test1_ccd2ql", "is_profil": false, "user": null, "created_at": "2023-09-22T16:50:39.397Z", "color": null}}, {"model": "app.photos", "pk": 9, "fields": {"name": "anonymous", "file": "photos/test1_mklpgc", "is_profil": false, "user": null, "created_at": "2023-09-22T16:50:39.397Z", "color": null}}, {"model": "app.photos", "pk": 12, "fields": {"name": "anonymous", "file": "photos/FB_IMG_1694631694021_k6ygm3", "is_profil": false, "user": null, "created_at": "2023-09-22T16:51:00.694Z", "color": null}}, {"model": "app.photos", "pk": 13, "fields": {"name": "anonymous", "file": "photos/test1_mxcdgh", "is_profil": false, "user": null, "created_at": "2023-09-22T17:01:25.933Z", "color": null}}, {"model": "app.photos", "pk": 14, "fields": {"name": "anonymous", "file": "photos/FB_IMG_1694631694021_zxtunl", "is_profil": false, "user": null, "created_at": "2023-09-22T17:01:56.625Z", "color": null}}, {"model": "app.photos", "pk": 15, "fields": {"name": "anonymous", "file": "photos/test1_cgz99f", "is_profil": false, "user": null, "created_at": "2023-09-22T17:10:21.365Z", "color": null}}, {"model": "app.photos", "pk": 16, "fields": {"name": "anonymous", "file": "photos/FB_IMG_1694631694021_vn3rxc", "is_profil": false, "user": null, "created_at": "2023-09-22T17:11:28.564Z", "color": null}}, {"model": "app.photos", "pk": 17, "fields": {"name": "anonymous", "file": "photos/test1_ojpzyy", "is_profil": false, "user": null, "created_at": "2023-09-22T17:14:01.861Z", "color": "rgb(208, 94, 55)"}}, {"model": "app.photos", "pk": 18, "fields": {"name": "anonymous", "file": "photos/test1_e29j4y", "is_profil": true, "user": 9, "created_at": "2023-09-23T06:43:30.648Z", "color": "rgb(208, 94, 55)"}}, {"model": "app.photos", "pk": 19, "fields": {"name": "anonymous", "file": "photos/yt-jia_xw8wdh", "is_profil": true, "user": 10, "created_at": "2023-09-25T04:54:41.912Z", "color": "rgb(168, 60, 93)"}}, {"model": "app.photos", "pk": 20, "fields": {"name": "anonymous", "file": "photos/FB_IMG_1694631694021_tr49bn", "is_profil": true, "user": 11, "created_at": "2023-09-23T08:05:01.710Z", "color": "rgb(168, 60, 93)"}}, {"model": "app.photos", "pk": 21, "fields": {"name": "anonymous", "file": "photos/test2_mlqmri", "is_profil": true, "user": 12, "created_at": "2023-09-23T08:13:01.569Z", "color": "rgb(213, 186, 168)"}}, {"model": "app.photos", "pk": 22, "fields": {"name": "anonymous", "file": "photos/FB_IMG_1694631694021_o6hzap", "is_profil": false, "user": null, "created_at": "2023-09-24T06:13:19.526Z", "color": "rgb(168, 60, 93)"}}, {"model": "app.photos", "pk": 23, "fields": {"name": "anonymous", "file": "photos/FB_IMG_1694631703184_pwqw2j", "is_profil": true, "user": 13, "created_at": "2023-09-24T06:14:00.816Z", "color": "rgb(107, 70, 47)"}}, {"model": "app.photos", "pk": 24, "fields": {"name": "anonymous", "file": "photos/FB_IMG_1694631694021_v17qlz", "is_profil": false, "user": null, "created_at": "2023-09-24T06:54:29.030Z", "color": "rgb(168, 60, 93)"}}, {"model": "app.photos", "pk": 26, "fields": {"name": "anonymous", "file": "photos/FB_IMG_1694631659894_bkwqir", "is_profil": false, "user": null, "created_at": "2023-09-24T07:03:03.169Z", "color": "rgb(213, 186, 168)"}}, {"model": "app.photos", "pk": 27, "fields": {"name": "anonymous", "file": "photos/FB_IMG_1694631703184_ijqe50", "is_profil": false, "user": null, "created_at": "2023-09-24T07:06:39.174Z", "color": "rgb(107, 70, 47)"}}, {"model": "app.photos", "pk": 28, "fields": {"name": "anonymous", "file": "photos/FB_IMG_1694631703184_k47nla", "is_profil": false, "user": null, "created_at": "2023-09-24T07:08:22.349Z", "color": "rgb(107, 70, 47)"}}, {"model": "app.photos", "pk": 29, "fields": {"name": "anonymous", "file": "photos/FB_IMG_1694631694021_mpoxbm", "is_profil": true, "user": 16, "created_at": "2023-09-24T07:08:50.799Z", "color": "rgb(168, 60, 93)"}}, {"model": "app.photos", "pk": 30, "fields": {"name": "anonymous", "file": "photos/FB_IMG_1694631703184_lome6q", "is_profil": true, "user": 17, "created_at": "2023-09-24T08:45:23.466Z", "color": "rgb(107, 70, 47)"}}, {"model": "app.photos", "pk": 31, "fields": {"name": "anonymous", "file": "photos/FB_IMG_1694631659894_k9rqaa", "is_profil": true, "user": 18, "created_at": "2023-09-24T08:47:41.835Z", "color": "rgb(213, 186, 168)"}}, {"model": "app.photos", "pk": 32, "fields": {"name": "anonymous", "file": "photos/M3UhyCVTgzYVyxGWwWgO--1--qorqw_t47flp", "is_profil": true, "user": 19, "created_at": "2023-09-24T08:49:37.745Z", "color": "rgb(72, 56, 62)"}}, {"model": "app.photos", "pk": 33, "fields": {"name": "anonymous", "file": "photos/yt-jia_tzdmbh", "is_profil": true, "user": 20, "created_at": "2023-09-24T08:51:54.615Z", "color": "rgb(144, 148, 155)"}}, {"model": "app.photos", "pk": 34, "fields": {"name": "anonymous", "file": "photos/Screenshot_20230916-060927_WhatsApp_zjjoxf", "is_profil": false, "user": null, "created_at": "2023-09-24T09:05:24.200Z", "color": "rgb(200, 123, 115)"}}, {"model": "app.photos", "pk": 35, "fields": {"name": "anonymous", "file": "photos/1691721121871_f4yzii", "is_profil": true, "user": 21, "created_at": "2023-09-24T09:06:21.507Z", "color": "rgb(60, 45, 48)"}}, {"model": "app.photos", "pk": 36, "fields": {"name": "anonymous", "file": "photos/0x0_mxjvnd", "is_profil": false, "user": null, "created_at": "2023-09-25T10:53:16.120Z", "color": "rgb(43, 41, 147)"}}, {"model": "app.photos", "pk": 37, "fields": {"name": "anonymous", "file": "photos/0x0_plmr6z", "is_profil": false, "user": null, "created_at": "2023-09-25T10:54:58.879Z", "color": "rgb(43, 41, 147)"}}, {"model": "app.photos", "pk": 38, "fields": {"name": "anonymous", "file": "photos/71kTvupMqlA9D4xNqy3q8A_pvodb5", "is_profil": false, "user": null, "created_at": "2023-09-25T10:58:39.376Z", "color": "rgb(212, 198, 196)"}}, {"model": "app.photos", "pk": 39, "fields": {"name": "anonymous", "file": "photos/0x0_efej6e", "is_profil": false, "user": null, "created_at": "2023-09-25T11:00:08.473Z", "color": "rgb(43, 41, 147)"}}, {"model": "app.photos", "pk": 40, "fields": {"name": "anonymous", "file": "photos/0x0_ibnpdt", "is_profil": false, "user": null, "created_at": "2023-09-25T11:06:06.150Z", "color": "rgb(43, 41, 147)"}}, {"model": "app.photos", "pk": 41, "fields": {"name": "anonymous", "file": "photos/0x0_yi4rd6", "is_profil": false, "user": null, "created_at": "2023-09-25T11:07:18.197Z", "color": "rgb(43, 41, 147)"}}, {"model": "app.photos", "pk": 42, "fields": {"name": "anonymous", "file": "", "is_profil": false, "user": null, "created_at": "2023-09-25T11:25:58.120Z", "color": null}}, {"model": "app.photos", "pk": 43, "fields": {"name": "anonymous", "file": "photos/b4d89911-6f9d-4aff-84b9-84fddb9d9a6f_s2d8ko", "is_profil": false, "user": null, "created_at": "2023-09-25T11:26:15.900Z", "color": "rgb(62, 45, 47)"}}, {"model": "app.perfectlovdetails", "pk": 1, "fields": {"key": "2:delete", "value": "[62, 63, 64, 65, 66, 67, 68, 69, 70, 71, 72, 74]"}}, {"model": "app.perfectlovdetails", "pk": 2, "fields": {"key": "help:niv:1", "value": "[\"Le niveau 1 est mortel,\", \"Etes-vous pr\\u00eat \\u00e0 faire connaissance l'un de l'autre\"]"}}, {"model": "app.perfectlovdetails", "pk": 46, "fields": {"key": "kkiapay0", "value": "a6ae833131d559bdca6ca3fe135387fbc9a09092"}}, {"model": "app.perfectlovdetails", "pk": 47, "fields": {"key": "kkiapay1", "value": "pk_4b417943036b8ece0e94f173f4f7c04f4c78978575053556c03e36104bf29e25"}}, {"model": "app.perfectlovdetails", "pk": 48, "fields": {"key": "kkiapay0:sand", "value": "b5f444b02fc511eca8f5b92f2997955b"}}, {"model": "app.perfectlovdetails", "pk": 49, "fields": {"key": "kkiapay1:sand", "value": "tpk_b5f46bc02fc511eca8f5b92f2997955b"}}, {"model": "app.perfectlovdetails", "pk": 50, "fields": {"key": "kkiapay2:sand", "value": "tsk_b5f46bc12fc511eca8f5b92f2997955b"}}, {"model": "app.perfectlovdetails", "pk": 51, "fields": {"key": "kkiapay2", "value": "sk_555cbdb34d14ad710cb6b25a5d63bdbe75fb0cf41e5f175ef1db4c838c4d629e"}}, {"model": "app.perfectlovdetails", "pk": 52, "fields": {"key": "abons:all", "value": "[{\"typ\": \"free\", \"amount\": 0, \"keys\": [\"Jusqu'\\u00e0 05 swipes(personnes propos\\u00e9es) par jour\", \"Seulement une discussion par jour\", \"Profil non v\\u00e9rifi\\u00e9\"], \"sub\": \"Utilisez gratuitement l'application et profitez des fonctionnalit\\u00e9 basiques.\"}, {\"typ\": \"silver\", \"amount\": 200, \"keys\": [\"V\\u00e9rification de profil\", \"Jusqu'\\u00e0 03 discussiond par jour\", \"Jusqu'\\u00e0 15 swipes(personnes propos\\u00e9es) par jour\"], \"sub\": \"Obtenez plus de visibilit\\u00e9 en v\\u00e9rifiant votre profil gr\\u00e2ce \\u00e0 l'offre silver\"}, {\"typ\": \"silver_plus\", \"amount\": 600, \"keys\": [\"V\\u00e9rification de profil\", \"Jusqu'\\u00e0 05 discussions par jour\", \"Jusqu'\\u00e0 50 swipes(personnes propos\\u00e9es) par jour\"], \"sub\": \"Accordez-vous plus de chances gr\\u00e2ce a l'offre Silver Plus.\"}, {\"typ\": \"golden\", \"amount\": 1450, \"keys\": [\"V\\u00e9rification de profil\", \"Jusqu'\\u00e0 15 discussion par jour\", \"Voir ceux qui aiment mon profil\", \"Jusqu'\\u00e0 500 swipes(personnes propos\\u00e9es) par jour\"], \"sub\": \"Prenez de l'avance sur les autres en activant l'offre Golden\"}, {\"typ\": \"vip\", \"amount\": 4000, \"keys\": [\"V\\u00e9rification de profil\", \"Discussions illimit\\u00e9es chaque jour\", \"Swipes(personnes propos\\u00e9es) illimit\\u00e9s chaque jour\", \"Voir ceux qui aiment mon profil\", \"Ecrire \\u00e0 n'importe qui m\\u00eame sans matcher\"], \"sub\": \"Passez en mode illimit\\u00e9 avec l'offre VIP.\"}]"}}, {"model": "app.perfectlovdetails", "pk": 53, "fields": {"key": "typ:free", "value": "{\"name\": \"free\", \"limit\": 5, \"level\": 0, \"amount\": 0, \"features\": []}"}}, {"model": "app.perfectlovdetails", "pk": 54, "fields": {"key": "typ:silver", "value": "{\"name\": \"silver\", \"limit\": 15, \"level\": 1, \"amount\": 200, \"features\": []}"}}, {"model": "app.perfectlovdetails", "pk": 55, "fields": {"key": "typ:silver_plus", "value": "{\"name\": \"silver_plus\", \"limit\": 50, \"level\": 2, \"amount\": 600, \"features\": []}"}}, {"model": "app.perfectlovdetails", "pk": 56, "fields": {"key": "typ:golden", "value": "{\"name\": \"golden\", \"limit\": 150, \"level\": 3, \"amount\": 1450, \"features\": [\"likes_me\"]}"}}, {"model": "app.perfectlovdetails", "pk": 57, "fields": {"key": "typ:vip", "value": "{\"name\": \"vip\", \"limit\": 1000000, \"level\": 3, \"amount\": 4000, \"features\": [\"likes_me\", \"chat_all\"]}"}}, {"model": "app.perfectlovdetails", "pk": 58, "fields": {"key": "contact:whatsapp", "value": "+22961555705"}}, {"model": "app.perfectlovdetails", "pk": 59, "fields": {"key": "privacy:link", "value": "https://google.com/"}}, {"model": "app.perfectlovdetails", "pk": 60, "fields": {"key": "day:discuss", "value": "{\"free\": 1, \"silver\": 3, \"silver_plus\": 5, \"golden\": 15, \"vip\": 1000}"}}, {"model": "app.distanceobj", "pk": 1, "fields": {"user": 11, "distances": "[{\"pk\": 10, \"dis\": 0.0}, {\"pk\": 12, \"dis\": 0.0}, {\"pk\": 16, \"dis\": 0.0}, {\"pk\": 17, \"dis\": 0.0}, {\"pk\": 18, \"dis\": 0.0}, {\"pk\": 19, \"dis\": 0.0}, {\"pk\": 20, \"dis\": 0.0}, {\"pk\": 8, \"dis\": 10000000000}, {\"pk\": 9, \"dis\": 10000000000}, {\"pk\": 13, \"dis\": 10000000000}, {\"pk\": 21, \"dis\": 10000000000}]"}}, {"model": "app.distanceobj", "pk": 2, "fields": {"user": 12, "distances": "[{\"pk\": 10, \"dis\": 0.0}, {\"pk\": 11, \"dis\": 0.0}, {\"pk\": 16, \"dis\": 0.0}, {\"pk\": 17, \"dis\": 0.0}, {\"pk\": 18, \"dis\": 0.0}, {\"pk\": 19, \"dis\": 0.0}, {\"pk\": 20, \"dis\": 0.0}, {\"pk\": 8, \"dis\": 10000000000}, {\"pk\": 9, \"dis\": 10000000000}, {\"pk\": 13, \"dis\": 10000000000}, {\"pk\": 21, \"dis\": 10000000000}]"}}, {"model": "app.distanceobj", "pk": 3, "fields": {"user": 8, "distances": null}}, {"model": "app.distanceobj", "pk": 4, "fields": {"user": 10, "distances": "[{\"pk\": 11, \"dis\": 0.0}, {\"pk\": 12, \"dis\": 0.0}, {\"pk\": 16, \"dis\": 0.0}, {\"pk\": 17, \"dis\": 0.0}, {\"pk\": 18, \"dis\": 0.0}, {\"pk\": 19, \"dis\": 0.0}, {\"pk\": 20, \"dis\": 0.0}, {\"pk\": 8, \"dis\": 10000000000}, {\"pk\": 9, \"dis\": 10000000000}, {\"pk\": 13, \"dis\": 10000000000}, {\"pk\": 21, \"dis\": 10000000000}]"}}, {"model": "app.distanceobj", "pk": 5, "fields": {"user": 13, "distances": null}}, {"model": "app.distanceobj", "pk": 8, "fields": {"user": 16, "distances": "[{\"pk\": 10, \"dis\": 0.0}, {\"pk\": 11, \"dis\": 0.0}, {\"pk\": 12, \"dis\": 0.0}, {\"pk\": 17, \"dis\": 0.0}, {\"pk\": 18, \"dis\": 0.0}, {\"pk\": 19, \"dis\": 0.0}, {\"pk\": 20, \"dis\": 0.0}, {\"pk\": 8, \"dis\": 10000000000}, {\"pk\": 9, \"dis\": 10000000000}, {\"pk\": 13, \"dis\": 10000000000}, {\"pk\": 21, \"dis\": 10000000000}]"}}, {"model": "app.distanceobj", "pk": 9, "fields": {"user": 17, "distances": "[{\"pk\": 10, \"dis\": 0.0}, {\"pk\": 11, \"dis\": 0.0}, {\"pk\": 12, \"dis\": 0.0}, {\"pk\": 16, \"dis\": 0.0}, {\"pk\": 18, \"dis\": 0.0}, {\"pk\": 19, \"dis\": 0.0}, {\"pk\": 20, \"dis\": 0.0}, {\"pk\": 8, \"dis\": 10000000000}, {\"pk\": 9, \"dis\": 10000000000}, {\"pk\": 13, \"dis\": 10000000000}, {\"pk\": 21, \"dis\": 10000000000}]"}}, {"model": "app.distanceobj", "pk": 10, "fields": {"user": 18, "distances": "[{\"pk\": 10, \"dis\": 0.0}, {\"pk\": 11, \"dis\": 0.0}, {\"pk\": 12, \"dis\": 0.0}, {\"pk\": 16, \"dis\": 0.0}, {\"pk\": 17, \"dis\": 0.0}, {\"pk\": 19, \"dis\": 0.0}, {\"pk\": 20, \"dis\": 0.0}, {\"pk\": 8, \"dis\": 10000000000}, {\"pk\": 9, \"dis\": 10000000000}, {\"pk\": 13, \"dis\": 10000000000}, {\"pk\": 21, \"dis\": 10000000000}]"}}, {"model": "app.distanceobj", "pk": 11, "fields": {"user": 19, "distances": "[{\"pk\": 10, \"dis\": 0.0}, {\"pk\": 11, \"dis\": 0.0}, {\"pk\": 12, \"dis\": 0.0}, {\"pk\": 16, \"dis\": 0.0}, {\"pk\": 17, \"dis\": 0.0}, {\"pk\": 18, \"dis\": 0.0}, {\"pk\": 20, \"dis\": 0.0}, {\"pk\": 8, \"dis\": 10000000000}, {\"pk\": 9, \"dis\": 10000000000}, {\"pk\": 13, \"dis\": 10000000000}, {\"pk\": 21, \"dis\": 10000000000}]"}}, {"model": "app.distanceobj", "pk": 12, "fields": {"user": 20, "distances": "[{\"pk\": 10, \"dis\": 0.0}, {\"pk\": 11, \"dis\": 0.0}, {\"pk\": 12, \"dis\": 0.0}, {\"pk\": 16, \"dis\": 0.0}, {\"pk\": 17, \"dis\": 0.0}, {\"pk\": 18, \"dis\": 0.0}, {\"pk\": 19, \"dis\": 0.0}, {\"pk\": 8, \"dis\": 10000000000}, {\"pk\": 9, \"dis\": 10000000000}, {\"pk\": 13, \"dis\": 10000000000}, {\"pk\": 21, \"dis\": 10000000000}]"}}, {"model": "app.distanceobj", "pk": 13, "fields": {"user": 21, "distances": null}}, {"model": "app.abon", "pk": 1, "fields": {"typ": "{\"name\": \"V\\u00e9rification\", \"limit\": 1000, \"level\": 1, \"amount\": 200}", "debut": null, "is_on": true, "for_days": 30, "user": 10, "created_at": "2023-10-16T05:41:13.814Z", "status": null, "verif": null}}, {"model": "app.abon", "pk": 2, "fields": {"typ": "{\"name\": \"free\", \"limit\": 5, \"level\": 0, \"amount\": 0, \"features\": []}", "debut": "2023-10-16T12:02:17.993Z", "is_on": true, "for_days": 30, "user": 10, "created_at": "2023-10-16T12:02:17.994Z", "status": "free", "verif": null}}, {"model": "app.abon", "pk": 3, "fields": {"typ": "{\"name\": \"free\", \"limit\": 5, \"level\": 0, \"amount\": 0, \"features\": []}", "debut": "2023-10-16T12:07:24.408Z", "is_on": true, "for_days": 30, "user": 10, "created_at": "2023-10-16T12:07:24.409Z", "status": "free", "verif": null}}, {"model": "app.abon", "pk": 4, "fields": {"typ": "{\"name\": \"free\", \"limit\": 5, \"level\": 0, \"amount\": 0, \"features\": []}", "debut": "2023-10-16T12:17:42.991Z", "is_on": true, "for_days": 30, "user": 10, "created_at": "2023-10-16T12:17:42.992Z", "status": "free", "verif": null}}, {"model": "app.abon", "pk": 5, "fields": {"typ": "{\"name\": \"free\", \"limit\": 5, \"level\": 0, \"amount\": 0, \"features\": []}", "debut": "2023-10-16T12:23:24.042Z", "is_on": true, "for_days": 30, "user": 10, "created_at": "2023-10-16T12:23:24.044Z", "status": "free", "verif": null}}, {"model": "app.abon", "pk": 6, "fields": {"typ": "{\"name\": \"free\", \"limit\": 5, \"level\": 0, \"amount\": 0, \"features\": []}", "debut": "2023-10-16T12:25:36.788Z", "is_on": true, "for_days": 30, "user": 10, "created_at": "2023-10-16T12:25:36.789Z", "status": "free", "verif": null}}, {"model": "app.abon", "pk": 7, "fields": {"typ": "{\"name\": \"silver\", \"limit\": 15, \"level\": 1, \"amount\": 200, \"features\": []}", "debut": "2023-10-16T12:31:51.541Z", "is_on": true, "for_days": 30, "user": 10, "created_at": "2023-10-16T12:31:51.563Z", "status": "silver", "verif": null}}, {"model": "app.abon", "pk": 8, "fields": {"typ": "{\"name\": \"free\", \"limit\": 5, \"level\": 0, \"amount\": 0, \"features\": []}", "debut": "2023-10-17T12:55:54.414Z", "is_on": true, "for_days": 30, "user": 10, "created_at": "2023-10-17T12:55:54.416Z", "status": "free", "verif": null}}, {"model": "app.abon", "pk": 9, "fields": {"typ": "{\"name\": \"free\", \"limit\": 5, \"level\": 0, \"amount\": 0, \"features\": []}", "debut": "2023-10-17T12:57:41.202Z", "is_on": true, "for_days": 30, "user": 10, "created_at": "2023-10-17T12:57:41.203Z", "status": "free", "verif": null}}, {"model": "app.abon", "pk": 10, "fields": {"typ": "{\"name\": \"free\", \"limit\": 5, \"level\": 0, \"amount\": 0, \"features\": []}", "debut": "2023-10-17T12:58:13.208Z", "is_on": true, "for_days": 30, "user": 10, "created_at": "2023-10-17T12:58:13.209Z", "status": "free", "verif": null}}, {"model": "app.abon", "pk": 11, "fields": {"typ": "{\"name\": \"silver\", \"limit\": 15, \"level\": 1, \"amount\": 200, \"features\": []}", "debut": "2023-10-17T13:12:47.499Z", "is_on": true, "for_days": 30, "user": 10, "created_at": "2023-10-17T13:12:47.613Z", "status": "silver", "verif": null}}, {"model": "app.abon", "pk": 12, "fields": {"typ": "{\"name\": \"free\", \"limit\": 5, \"level\": 0, \"amount\": 0, \"features\": []}", "debut": "2023-10-17T14:09:01.378Z", "is_on": true, "for_days": 30, "user": 10, "created_at": "2023-10-17T14:09:01.379Z", "status": "free", "verif": null}}, {"model": "app.abon", "pk": 13, "fields": {"typ": "{\"name\": \"silver\", \"limit\": 15, \"level\": 1, \"amount\": 200, \"features\": []}", "debut": "2023-10-17T14:21:40.741Z", "is_on": true, "for_days": 30, "user": 10, "created_at": "2023-10-17T14:21:40.742Z", "status": "silver", "verif": 5}}, {"model": "app.abon", "pk": 14, "fields": {"typ": "{\"name\": \"silver_plus\", \"limit\": 50, \"level\": 2, \"amount\": 600, \"features\": []}", "debut": "2023-10-17T14:35:09.626Z", "is_on": true, "for_days": 30, "user": 10, "created_at": "2023-10-17T14:35:09.628Z", "status": "silver_plus", "verif": 5}}, {"model": "app.abon", "pk": 15, "fields": {"typ": "{\"name\": \"silver_plus\", \"limit\": 50, \"level\": 2, \"amount\": 600, \"features\": []}", "debut": "2023-10-17T14:41:54.838Z", "is_on": true, "for_days": 30, "user": 10, "created_at": "2023-10-17T14:41:54.839Z", "status": "silver_plus", "verif": 5}}, {"model": "app.abon", "pk": 16, "fields": {"typ": "{\"name\": \"silver\", \"limit\": 15, \"level\": 1, \"amount\": 200, \"features\": []}", "debut": "2023-10-17T14:46:43.639Z", "is_on": true, "for_days": 30, "user": 10, "created_at": "2023-10-17T14:46:43.640Z", "status": "silver", "verif": 5}}, {"model": "app.abon", "pk": 17, "fields": {"typ": "{\"name\": \"silver_plus\", \"limit\": 50, \"level\": 2, \"amount\": 600, \"features\": []}", "debut": "2023-10-17T14:50:38.937Z", "is_on": true, "for_days": 30, "user": 10, "created_at": "2023-10-17T14:50:38.938Z", "status": "silver_plus", "verif": 5}}, {"model": "app.abon", "pk": 18, "fields": {"typ": "{\"name\": \"silver\", \"limit\": 15, \"level\": 1, \"amount\": 200, \"features\": []}", "debut": "2023-10-17T14:54:53.824Z", "is_on": true, "for_days": 30, "user": 10, "created_at": "2023-10-17T14:54:53.824Z", "status": "silver", "verif": 5}}, {"model": "app.taches", "pk": 1, "fields": {"niveau": 0, "content": "Démarrez nos niveaux de conversation et laissez la magie de la connexion opérer.", "created_at": "2023-09-27T15:17:41.107Z", "coef": 101, "seens": []}}, {"model": "app.taches", "pk": 2, "fields": {"niveau": 1, "content": "Qu'avez-vous pensez de l'autre a la première vue de son profil ?", "created_at": "2023-10-10T16:13:33.100Z", "coef": 20, "seens": []}}, {"model": "app.taches", "pk": 3, "fields": {"niveau": 1, "content": "Que faîtes-vous dans la vie et où habitez-vous?", "created_at": "2023-10-12T04:31:42.458Z", "coef": 20, "seens": []}}, {"model": "app.niveau", "pk": 1, "fields": {"level": 0, "cur_task": 1, "help_dets": "[\"L'aventure commence ici\", \"Plongez dans des discussions de plus en plus profondes \\u00e0 mesure que vous progressez \\u00e0 travers nos niveaux de conversation\"]", "taches": [1]}}, {"model": "app.niveau", "pk": 2, "fields": {"level": 0, "cur_task": 1, "help_dets": "[\"L'aventure commence ici\", \"Plongez dans des discussions de plus en plus profondes \\u00e0 mesure que vous progressez \\u00e0 travers nos niveaux de conversation\"]", "taches": [1]}}, {"model": "app.niveau", "pk": 3, "fields": {"level": 0, "cur_task": 1, "help_dets": "[\"L'aventure commence ici\", \"Plongez dans des discussions de plus en plus profondes \\u00e0 mesure que vous progressez \\u00e0 travers nos niveaux de conversation\"]", "taches": [1]}}, {"model": "app.niveau", "pk": 4, "fields": {"level": 0, "cur_task": 1, "help_dets": "[\"L'aventure commence ici\", \"Plongez dans des discussions de plus en plus profondes \\u00e0 mesure que vous progressez \\u00e0 travers nos niveaux de conversation\"]", "taches": [1]}}, {"model": "app.niveau", "pk": 5, "fields": {"level": 0, "cur_task": 1, "help_dets": "[\"L'aventure commence ici\", \"Plongez dans des discussions de plus en plus profondes \\u00e0 mesure que vous progressez \\u00e0 travers nos niveaux de conversation\"]", "taches": [1]}}, {"model": "app.niveau", "pk": 6, "fields": {"level": 0, "cur_task": 1, "help_dets": "[\"L'aventure commence ici\", \"Plongez dans des discussions de plus en plus profondes \\u00e0 mesure que vous progressez \\u00e0 travers nos niveaux de conversation\"]", "taches": [1]}}, {"model": "app.niveau", "pk": 7, "fields": {"level": 0, "cur_task": 1, "help_dets": "[\"L'aventure commence ici\", \"Plongez dans des discussions de plus en plus profondes \\u00e0 mesure que vous progressez \\u00e0 travers nos niveaux de conversation\"]", "taches": [1]}}, {"model": "app.niveau", "pk": 8, "fields": {"level": 0, "cur_task": 1, "help_dets": "[\"L'aventure commence ici\", \"Plongez dans des discussions de plus en plus profondes \\u00e0 mesure que vous progressez \\u00e0 travers nos niveaux de conversation\"]", "taches": [1]}}, {"model": "app.niveau", "pk": 9, "fields": {"level": 0, "cur_task": 1, "help_dets": "[\"L'aventure commence ici\", \"Plongez dans des discussions de plus en plus profondes \\u00e0 mesure que vous progressez \\u00e0 travers nos niveaux de conversation\"]", "taches": [1]}}, {"model": "app.niveau", "pk": 10, "fields": {"level": 0, "cur_task": 1, "help_dets": "[\"L'aventure commence ici\", \"Plongez dans des discussions de plus en plus profondes \\u00e0 mesure que vous progressez \\u00e0 travers nos niveaux de conversation\"]", "taches": [1]}}, {"model": "app.niveau", "pk": 11, "fields": {"level": 0, "cur_task": 1, "help_dets": "[\"L'aventure commence ici\", \"Plongez dans des discussions de plus en plus profondes \\u00e0 mesure que vous progressez \\u00e0 travers nos niveaux de conversation\"]", "taches": [1]}}, {"model": "app.niveau", "pk": 12, "fields": {"level": 0, "cur_task": 1, "help_dets": "[\"L'aventure commence ici\", \"Plongez dans des discussions de plus en plus profondes \\u00e0 mesure que vous progressez \\u00e0 travers nos niveaux de conversation\"]", "taches": [1]}}, {"model": "app.niveau", "pk": 13, "fields": {"level": 0, "cur_task": 1, "help_dets": "[\"L'aventure commence ici\", \"Plongez dans des discussions de plus en plus profondes \\u00e0 mesure que vous progressez \\u00e0 travers nos niveaux de conversation\"]", "taches": [1]}}, {"model": "app.niveau", "pk": 14, "fields": {"level": 0, "cur_task": 1, "help_dets": "[\"L'aventure commence ici\", \"Plongez dans des discussions de plus en plus profondes \\u00e0 mesure que vous progressez \\u00e0 travers nos niveaux de conversation\"]", "taches": [1]}}, {"model": "app.niveau", "pk": 15, "fields": {"level": 0, "cur_task": 1, "help_dets": "[\"L'aventure commence ici\", \"Plongez dans des discussions de plus en plus profondes \\u00e0 mesure que vous progressez \\u00e0 travers nos niveaux de conversation\"]", "taches": [1]}}, {"model": "app.niveau", "pk": 16, "fields": {"level": 0, "cur_task": 1, "help_dets": "[\"L'aventure commence ici\", \"Plongez dans des discussions de plus en plus profondes \\u00e0 mesure que vous progressez \\u00e0 travers nos niveaux de conversation\"]", "taches": [1]}}, {"model": "app.niveau", "pk": 17, "fields": {"level": 0, "cur_task": 1, "help_dets": "[\"L'aventure commence ici\", \"Plongez dans des discussions de plus en plus profondes \\u00e0 mesure que vous progressez \\u00e0 travers nos niveaux de conversation\"]", "taches": [1]}}, {"model": "app.niveau", "pk": 18, "fields": {"level": 0, "cur_task": 1, "help_dets": "[\"L'aventure commence ici\", \"Plongez dans des discussions de plus en plus profondes \\u00e0 mesure que vous progressez \\u00e0 travers nos niveaux de conversation\"]", "taches": [1]}}, {"model": "app.niveau", "pk": 19, "fields": {"level": 0, "cur_task": 1, "help_dets": "[\"L'aventure commence ici\", \"Plongez dans des discussions de plus en plus profondes \\u00e0 mesure que vous progressez \\u00e0 travers nos niveaux de conversation\"]", "taches": [1]}}, {"model": "app.niveau", "pk": 20, "fields": {"level": 0, "cur_task": 1, "help_dets": "[\"L'aventure commence ici\", \"Plongez dans des discussions de plus en plus profondes \\u00e0 mesure que vous progressez \\u00e0 travers nos niveaux de conversation\"]", "taches": [1]}}, {"model": "app.niveau", "pk": 21, "fields": {"level": 0, "cur_task": 1, "help_dets": "[\"L'aventure commence ici\", \"Plongez dans des discussions de plus en plus profondes \\u00e0 mesure que vous progressez \\u00e0 travers nos niveaux de conversation\"]", "taches": [1]}}, {"model": "app.niveau", "pk": 22, "fields": {"level": 0, "cur_task": 1, "help_dets": "[\"L'aventure commence ici\", \"Plongez dans des discussions de plus en plus profondes \\u00e0 mesure que vous progressez \\u00e0 travers nos niveaux de conversation\"]", "taches": [1]}}, {"model": "app.niveau", "pk": 23, "fields": {"level": 0, "cur_task": 1, "help_dets": "[\"L'aventure commence ici\", \"Plongez dans des discussions de plus en plus profondes \\u00e0 mesure que vous progressez \\u00e0 travers nos niveaux de conversation\"]", "taches": [1]}}, {"model": "app.niveau", "pk": 24, "fields": {"level": 0, "cur_task": 1, "help_dets": "[\"L'aventure commence ici\", \"Plongez dans des discussions de plus en plus profondes \\u00e0 mesure que vous progressez \\u00e0 travers nos niveaux de conversation\"]", "taches": [1]}}, {"model": "app.niveau", "pk": 25, "fields": {"level": 0, "cur_task": 1, "help_dets": "[\"L'aventure commence ici\", \"Plongez dans des discussions de plus en plus profondes \\u00e0 mesure que vous progressez \\u00e0 travers nos niveaux de conversation\"]", "taches": [1]}}, {"model": "app.niveau", "pk": 26, "fields": {"level": 0, "cur_task": 1, "help_dets": "[\"L'aventure commence ici\", \"Plongez dans des discussions de plus en plus profondes \\u00e0 mesure que vous progressez \\u00e0 travers nos niveaux de conversation\"]", "taches": [1]}}, {"model": "app.niveau", "pk": 27, "fields": {"level": 0, "cur_task": 1, "help_dets": "[\"L'aventure commence ici\", \"Plongez dans des discussions de plus en plus profondes \\u00e0 mesure que vous progressez \\u00e0 travers nos niveaux de conversation\"]", "taches": [1]}}, {"model": "app.niveau", "pk": 28, "fields": {"level": 0, "cur_task": 1, "help_dets": "[\"L'aventure commence ici\", \"Plongez dans des discussions de plus en plus profondes \\u00e0 mesure que vous progressez \\u00e0 travers nos niveaux de conversation\"]", "taches": [1]}}, {"model": "app.niveau", "pk": 29, "fields": {"level": 0, "cur_task": 1, "help_dets": "[\"L'aventure commence ici\", \"Plongez dans des discussions de plus en plus profondes \\u00e0 mesure que vous progressez \\u00e0 travers nos niveaux de conversation\"]", "taches": [1]}}, {"model": "app.niveau", "pk": 30, "fields": {"level": 0, "cur_task": 1, "help_dets": "[\"L'aventure commence ici\", \"Plongez dans des discussions de plus en plus profondes \\u00e0 mesure que vous progressez \\u00e0 travers nos niveaux de conversation\"]", "taches": [1]}}, {"model": "app.niveau", "pk": 31, "fields": {"level": 0, "cur_task": 1, "help_dets": "[\"L'aventure commence ici\", \"Plongez dans des discussions de plus en plus profondes \\u00e0 mesure que vous progressez \\u00e0 travers nos niveaux de conversation\"]", "taches": [1]}}, {"model": "app.niveau", "pk": 32, "fields": {"level": 0, "cur_task": 1, "help_dets": "[\"L'aventure commence ici\", \"Plongez dans des discussions de plus en plus profondes \\u00e0 mesure que vous progressez \\u00e0 travers nos niveaux de conversation\"]", "taches": [1]}}, {"model": "app.niveau", "pk": 33, "fields": {"level": 0, "cur_task": 1, "help_dets": "[\"L'aventure commence ici\", \"Plongez dans des discussions de plus en plus profondes \\u00e0 mesure que vous progressez \\u00e0 travers nos niveaux de conversation\"]", "taches": [1]}}, {"model": "app.niveau", "pk": 34, "fields": {"level": 0, "cur_task": 1, "help_dets": "[\"L'aventure commence ici\", \"Plongez dans des discussions de plus en plus profondes \\u00e0 mesure que vous progressez \\u00e0 travers nos niveaux de conversation\"]", "taches": [1]}}, {"model": "app.niveau", "pk": 35, "fields": {"level": 0, "cur_task": 1, "help_dets": "[\"L'aventure commence ici\", \"Plongez dans des discussions de plus en plus profondes \\u00e0 mesure que vous progressez \\u00e0 travers nos niveaux de conversation\"]", "taches": [1]}}, {"model": "app.niveau", "pk": 36, "fields": {"level": 0, "cur_task": 1, "help_dets": "[\"L'aventure commence ici\", \"Plongez dans des discussions de plus en plus profondes \\u00e0 mesure que vous progressez \\u00e0 travers nos niveaux de conversation\"]", "taches": [1]}}, {"model": "app.niveau", "pk": 37, "fields": {"level": 0, "cur_task": 1, "help_dets": "[\"L'aventure commence ici\", \"Plongez dans des discussions de plus en plus profondes \\u00e0 mesure que vous progressez \\u00e0 travers nos niveaux de conversation\"]", "taches": [1]}}, {"model": "app.niveau", "pk": 38, "fields": {"level": 0, "cur_task": 1, "help_dets": "[\"L'aventure commence ici\", \"Plongez dans des discussions de plus en plus profondes \\u00e0 mesure que vous progressez \\u00e0 travers nos niveaux de conversation\"]", "taches": [1]}}, {"model": "app.niveau", "pk": 39, "fields": {"level": 0, "cur_task": 1, "help_dets": "[\"L'aventure commence ici\", \"Plongez dans des discussions de plus en plus profondes \\u00e0 mesure que vous progressez \\u00e0 travers nos niveaux de conversation\"]", "taches": [1]}}, {"model": "app.niveau", "pk": 40, "fields": {"level": 0, "cur_task": 1, "help_dets": "[\"L'aventure commence ici\", \"Plongez dans des discussions de plus en plus profondes \\u00e0 mesure que vous progressez \\u00e0 travers nos niveaux de conversation\"]", "taches": [1]}}, {"model": "app.niveau", "pk": 41, "fields": {"level": 0, "cur_task": 1, "help_dets": "[\"L'aventure commence ici\", \"Plongez dans des discussions de plus en plus profondes \\u00e0 mesure que vous progressez \\u00e0 travers nos niveaux de conversation\"]", "taches": [1]}}, {"model": "app.niveau", "pk": 42, "fields": {"level": 0, "cur_task": 1, "help_dets": "[\"L'aventure commence ici\", \"Plongez dans des discussions de plus en plus profondes \\u00e0 mesure que vous progressez \\u00e0 travers nos niveaux de conversation\"]", "taches": [1]}}, {"model": "app.niveau", "pk": 43, "fields": {"level": 0, "cur_task": 1, "help_dets": "[\"L'aventure commence ici\", \"Plongez dans des discussions de plus en plus profondes \\u00e0 mesure que vous progressez \\u00e0 travers nos niveaux de conversation\"]", "taches": [1]}}, {"model": "app.niveau", "pk": 44, "fields": {"level": 0, "cur_task": 1, "help_dets": "[\"L'aventure commence ici\", \"Plongez dans des discussions de plus en plus profondes \\u00e0 mesure que vous progressez \\u00e0 travers nos niveaux de conversation\"]", "taches": [1]}}, {"model": "app.niveau", "pk": 45, "fields": {"level": 0, "cur_task": 1, "help_dets": "[\"L'aventure commence ici\", \"Plongez dans des discussions de plus en plus profondes \\u00e0 mesure que vous progressez \\u00e0 travers nos niveaux de conversation\"]", "taches": [1]}}, {"model": "app.niveau", "pk": 46, "fields": {"level": 0, "cur_task": 1, "help_dets": "[\"L'aventure commence ici\", \"Plongez dans des discussions de plus en plus profondes \\u00e0 mesure que vous progressez \\u00e0 travers nos niveaux de conversation\"]", "taches": [1]}}, {"model": "app.niveau", "pk": 47, "fields": {"level": 0, "cur_task": 1, "help_dets": "[\"L'aventure commence ici\", \"Plongez dans des discussions de plus en plus profondes \\u00e0 mesure que vous progressez \\u00e0 travers nos niveaux de conversation\"]", "taches": [1]}}, {"model": "app.niveau", "pk": 48, "fields": {"level": 1, "cur_task": 3, "help_dets": "[\"Le niveau 1 est mortel,\", \"Etes-vous pr\\u00eat \\u00e0 faire connaissance l'un de l'autre\"]", "taches": [1, 2, 3]}}, {"model": "app.roommatch", "pk": 1, "fields": {"slug": "10m12", "created_at": "2023-09-27T15:19:46.273Z", "niveau": 1, "is_proposed": false, "why": "Vous avez mutuellement kiffé vos photos de profil.", "users": [10, 12]}}, {"model": "app.roommatch", "pk": 2, "fields": {"slug": "9m10", "created_at": "2023-09-27T15:19:47.275Z", "niveau": 48, "is_proposed": false, "why": "Vous avez mutuellement kiffé vos photos de profil.", "users": [9, 10]}}, {"model": "app.roommatch", "pk": 3, "fields": {"slug": "10m17", "created_at": "2023-09-27T15:19:48.088Z", "niveau": 3, "is_proposed": false, "why": "Vous avez mutuellement kiffé vos photos de profil.", "users": [10, 17]}}, {"model": "app.roommatch", "pk": 10, "fields": {"slug": "10m13", "created_at": "2023-09-27T16:41:19.296Z", "niveau": 45, "is_proposed": false, "why": "Vous avez mutuellement kiffé vos photos de profil.", "users": [10, 13]}}, {"model": "app.roommatch", "pk": 11, "fields": {"slug": "10m16", "created_at": "2023-10-06T06:44:15.151Z", "niveau": 47, "is_proposed": false, "why": "Vous avez mutuellement kiffé vos photos de profil.", "users": [10, 16]}}, {"model": "app.image", "pk": 1, "fields": {"name": "img:9", "image": "", "details": "[\"56.37 Ko\"]"}}, {"model": "app.image", "pk": 2, "fields": {"name": "img:9", "image": "", "details": "[\"56.37 Ko\"]"}}, {"model": "app.image", "pk": 3, "fields": {"name": "img:9", "image": "", "details": "[\"76.18 Ko\"]"}}, {"model": "app.image", "pk": 4, "fields": {"name": "img:9", "image": "", "details": "[\"56.37 Ko\"]"}}, {"model": "app.image", "pk": 5, "fields": {"name": "img:9", "image": "", "details": "[\"56.37 Ko\"]"}}, {"model": "app.image", "pk": 6, "fields": {"name": "img:9", "image": "", "details": "[\"56.37 Ko\"]"}}, {"model": "app.image", "pk": 7, "fields": {"name": "img:9", "image": "", "details": "[\"56.37 Ko\"]"}}, {"model": "app.image", "pk": 8, "fields": {"name": "img:9", "image": "", "details": "[\"56.37 Ko\"]"}}, {"model": "app.image", "pk": 9, "fields": {"name": "img:9", "image": "messages/images/test1_xtbj9d", "details": "[\"56.37 Ko\"]"}}, {"model": "app.image", "pk": 10, "fields": {"name": "img:9", "image": "messages/images/test1_hp4zls", "details": "[\"56.37 Ko\"]"}}, {"model": "app.image", "pk": 11, "fields": {"name": "img:10", "image": "messages/images/b4d89911-6f9d-4aff-84b9-84fddb9d9a6f_nqkezk", "details": "[\"23.41 Ko\"]"}}, {"model": "app.image", "pk": 12, "fields": {"name": "img:10", "image": "messages/images/71kTvupMqlA9D4xNqy3q8A_itfgdl", "details": "[\"98.13 Ko\"]"}}, {"model": "app.image", "pk": 13, "fields": {"name": "img:9", "image": "messages/images/yt-jia_yukpkh", "details": "null"}}, {"model": "app.image", "pk": 14, "fields": {"name": "img:9", "image": "messages/images/0x0_kirfhq", "details": "[\"18.15 Ko\"]"}}, {"model": "app.image", "pk": 15, "fields": {"name": "img:9", "image": "messages/images/Michael-Dell-Motivational-Business-Quotes-Computers-Entrepreneur-Tech-Startup_b80i0b", "details": "[\"24.82 Ko\"]"}}, {"model": "app.audio", "pk": 1, "fields": {"name": "aud:10", "audio": "video/upload/v1696793133/dctihjuhlxrmvwakne1h.mp3", "details": "[\"2.53 Mo\", \"00:00\"]"}}, {"model": "app.audio", "pk": 2, "fields": {"name": "aud:10", "audio": "video/upload/v1696842933/gglsmwcik5ethhunw5po.mp3", "details": "[\"2.53 Mo\", \"00:00\"]"}}, {"model": "app.audio", "pk": 3, "fields": {"name": "aud:10", "audio": "video/upload/v1696845382/bfseasiydynn6ct02sno.mp3", "details": "[\"2.53 Mo\", \"00:00\"]"}}, {"model": "app.audio", "pk": 4, "fields": {"name": "aud:10", "audio": "video/upload/v1696846071/lihxkfay7vwzcrw6ogmw.mp3", "details": "[\"2.53 Mo\", \"00:00\"]"}}, {"model": "app.audio", "pk": 5, "fields": {"name": "aud:10", "audio": "video/upload/v1696846621/m4ppiixp1ujxpe7erdmc.mp3", "details": "[\"2.53 Mo\", \"00:00\"]"}}, {"model": "app.audio", "pk": 6, "fields": {"name": "aud:10", "audio": "video/upload/v1696847513/lnoeqrlhgruovlbkphed.mp3", "details": "[\"2.53 Mo\", \"00:00\"]"}}, {"model": "app.audio", "pk": 7, "fields": {"name": "aud:10", "audio": "video/upload/v1696847831/ewjxdzcysfkncskcbnw0.mp3", "details": "[\"2.53 Mo\", \"00:00\"]"}}, {"model": "app.audio", "pk": 8, "fields": {"name": "aud:10", "audio": "video/upload/v1696847857/ra8skhtzqco0zcfsfrke.mp3", "details": "[\"2.53 Mo\", \"00:00\"]"}}, {"model": "app.audio", "pk": 9, "fields": {"name": "aud:10", "audio": "video/upload/v1696849895/jlhc3puznmgywnqlydfp.mp3", "details": "[\"2.53 Mo\", \"00:00\"]"}}, {"model": "app.audio", "pk": 10, "fields": {"name": "aud:10", "audio": "video/upload/v1696850217/wq6y9pyx2la9isfntbls.mp3", "details": "[\"2.53 Mo\", \"00:00\"]"}}, {"model": "app.audio", "pk": 11, "fields": {"name": "aud:10", "audio": "video/upload/v1696850805/yucdbnjf5ijdcbhdporl.mp3", "details": "[\"2.53 Mo\", \"00:00\"]"}}, {"model": "app.audio", "pk": 12, "fields": {"name": "aud:10", "audio": "video/upload/v1696851156/debl37iartytbgz12bui.mp3", "details": "[\"2.53 Mo\", \"00:00\"]"}}, {"model": "app.audio", "pk": 13, "fields": {"name": "aud:10", "audio": "video/upload/v1696851849/pwglznjistcxz2c528yi.mp3", "details": "[\"2.53 Mo\", \"00:00\"]"}}, {"model": "app.audio", "pk": 14, "fields": {"name": "aud:10", "audio": "video/upload/v1696852455/ldzw26nhcslqggtltrmv.mp3", "details": "[\"2.53 Mo\", \"00:00\"]"}}, {"model": "app.audio", "pk": 15, "fields": {"name": "aud:10", "audio": "video/upload/v1696854070/mkmhqjqkmbuicvaattgg.mp3", "details": "[\"2.53 Mo\", \"00:00\"]"}}, {"model": "app.audio", "pk": 16, "fields": {"name": "aud:10", "audio": "video/upload/v1696868628/o1wvmdqhbwwucs3xy8s8.mp3", "details": "[\"2.53 Mo\", \"00:00\"]"}}, {"model": "app.audio", "pk": 17, "fields": {"name": "aud:10", "audio": "video/upload/v1696869444/irtcytij8fapfv8bkwdz.mp3", "details": "[\"2.64 Mo\", \"00:00\"]"}}, {"model": "app.audio", "pk": 18, "fields": {"name": "aud:9", "audio": "video/upload/v1696926203/yogpq1dtrys2rkaqbeup.webm", "details": "[\"508.61 Ko\", \"00:32\"]"}}, {"model": "app.audio", "pk": 19, "fields": {"name": "aud:10", "audio": "video/upload/v1696927075/rhmnogtcl7fnjaagjqtf.webm", "details": "[\"523.23 Ko\", \"00:33\"]"}}, {"model": "app.audio", "pk": 20, "fields": {"name": "aud:10", "audio": "video/upload/v1696946017/dpqz2hgwljhy1dk3hh3b.webm", "details": "[\"271.88 Ko\", \"00:17\"]"}}, {"model": "app.video", "pk": 1, "fields": {"name": "vid:10", "video": "video/upload/v1696782461/kfz1utkmhq8vu2dbybbw.mp4", "image": "messages/images/blob_bqskql", "details": "[\"5.64 Mo\"]"}}, {"model": "app.video", "pk": 2, "fields": {"name": "vid:10", "video": "video/upload/v1696783358/leaul0wo86kw9mwf18eu.mp4", "image": "messages/images/blob_lcfk7k", "details": "[\"5.64 Mo\"]"}}, {"model": "app.video", "pk": 3, "fields": {"name": "vid:9", "video": "video/upload/v1696789041/c42x85lvlxtslfqwvox3.mp4", "image": "messages/images/blob_lvzqlh", "details": "[\"5.64 Mo\"]"}}, {"model": "app.message", "pk": 1, "fields": {"room": 2, "created_at": "2023-10-06T07:05:39.967Z", "step": "seen", "text": "Hey", "image": null, "audio": null, "video": null, "user": 10, "old_pk": -664}}, {"model": "app.message", "pk": 6, "fields": {"room": 2, "created_at": "2023-10-06T16:09:00.727Z", "step": "seen", "text": "Donc dis moi qu'en penses tu?", "image": null, "audio": null, "video": null, "user": 10, "old_pk": -994}}, {"model": "app.message", "pk": 8, "fields": {"room": 2, "created_at": "2023-10-06T22:18:12.670Z", "step": "seen", "text": "Hey dis toi ca va?", "image": null, "audio": null, "video": null, "user": 10, "old_pk": -92}}, {"model": "app.message", "pk": 9, "fields": {"room": 2, "created_at": "2023-10-07T06:22:53.696Z", "step": "seen", "text": "Ca va et ta journée?", "image": null, "audio": null, "video": null, "user": 9, "old_pk": -169}}, {"model": "app.message", "pk": 10, "fields": {"room": 2, "created_at": "2023-10-07T06:52:27.945Z", "step": "seen", "text": "Ca va ça va j'ai pu finir ce que je disais", "image": null, "audio": null, "video": null, "user": 10, "old_pk": -77}}, {"model": "app.message", "pk": 11, "fields": {"room": 2, "created_at": "2023-10-07T06:55:40.637Z", "step": "seen", "text": "AH je vois et tu fera quoi?", "image": null, "audio": null, "video": null, "user": 9, "old_pk": -312}}, {"model": "app.message", "pk": 12, "fields": {"room": 2, "created_at": "2023-10-07T07:17:18.573Z", "step": "seen", "text": "Bon je vais forcément trouver un moyen", "image": null, "audio": null, "video": null, "user": 10, "old_pk": -71}}, {"model": "app.message", "pk": 13, "fields": {"room": 2, "created_at": "2023-10-07T07:26:53.943Z", "step": "seen", "text": "Ok ok et a part ça", "image": null, "audio": null, "video": null, "user": 9, "old_pk": -250}}, {"model": "app.message", "pk": 14, "fields": {"room": 2, "created_at": "2023-10-07T07:39:30.745Z", "step": "seen", "text": "Je vais chercher une meilleure façon.", "image": null, "audio": null, "video": null, "user": 10, "old_pk": -885}}, {"model": "app.message", "pk": 15, "fields": {"room": 2, "created_at": "2023-10-07T09:16:19.122Z", "step": "seen", "text": "Et toi dis moi comment tu vas?", "image": null, "audio": null, "video": null, "user": 10, "old_pk": -577}}, {"model": "app.message", "pk": 16, "fields": {"room": 2, "created_at": "2023-10-07T09:49:59.630Z", "step": "seen", "text": "Ca va ! ca va bro! je gere", "image": null, "audio": null, "video": null, "user": 9, "old_pk": -915}}, {"model": "app.message", "pk": 17, "fields": {"room": 2, "created_at": "2023-10-07T09:50:52.971Z", "step": "seen", "text": "🥲🥲🥲🥲 tu es sure?", "image": null, "audio": null, "video": null, "user": 10, "old_pk": -774}}, {"model": "app.message", "pk": 18, "fields": {"room": 2, "created_at": "2023-10-07T09:51:32.301Z", "step": "seen", "text": "oui la et en plus elle a rappelé", "image": null, "audio": null, "video": null, "user": 9, "old_pk": -653}}, {"model": "app.message", "pk": 19, "fields": {"room": 2, "created_at": "2023-10-07T15:34:07.812Z", "step": "seen", "text": "Serieuxxx!!!", "image": null, "audio": null, "video": null, "user": 10, "old_pk": -520}}, {"model": "app.message", "pk": 20, "fields": {"room": 2, "created_at": "2023-10-07T15:34:26.065Z", "step": "seen", "text": "Hein laa!", "image": null, "audio": null, "video": null, "user": 9, "old_pk": -847}}, {"model": "app.message", "pk": 21, "fields": {"room": 2, "created_at": "2023-10-07T15:34:42.562Z", "step": "seen", "text": "C'est dinguee heiiiinnn", "image": null, "audio": null, "video": null, "user": 9, "old_pk": -622}}, {"model": "app.message", "pk": 22, "fields": {"room": 2, "created_at": "2023-10-07T15:35:02.527Z", "step": "seen", "text": "Vraiment hein je pense que ca va chauffer maintenant ", "image": null, "audio": null, "video": null, "user": 10, "old_pk": -180}}, {"model": "app.message", "pk": 23, "fields": {"room": 2, "created_at": "2023-10-07T15:35:30.900Z", "step": "seen", "text": "Et j'ai tres hâte ", "image": null, "audio": null, "video": null, "user": 10, "old_pk": -701}}, {"model": "app.message", "pk": 24, "fields": {"room": 2, "created_at": "2023-10-07T15:50:10.036Z", "step": "seen", "text": "Hey dis moi tu es la??", "image": null, "audio": null, "video": null, "user": 10, "old_pk": -224}}, {"model": "app.message", "pk": 25, "fields": {"room": 2, "created_at": "2023-10-07T15:50:26.173Z", "step": "seen", "text": "oui oui et toii?", "image": null, "audio": null, "video": null, "user": 9, "old_pk": -606}}, {"model": "app.message", "pk": 27, "fields": {"room": 2, "created_at": "2023-10-07T16:13:57.281Z", "step": "seen", "text": "Oui oui et je t'attends", "image": null, "audio": null, "video": null, "user": 10, "old_pk": -532}}, {"model": "app.message", "pk": 28, "fields": {"room": 2, "created_at": "2023-10-07T16:27:21.233Z", "step": "seen", "text": "Ah bon sur quoi?", "image": null, "audio": null, "video": null, "user": 9, "old_pk": -302}}, {"model": "app.message", "pk": 29, "fields": {"room": 2, "created_at": "2023-10-07T16:27:39.696Z", "step": "seen", "text": "Sur ce qu'on avait dit", "image": null, "audio": null, "video": null, "user": 9, "old_pk": -254}}, {"model": "app.message", "pk": 30, "fields": {"room": 2, "created_at": "2023-10-07T19:17:46.440Z", "step": "seen", "text": "Hey comment.vas tu?", "image": null, "audio": null, "video": null, "user": 10, "old_pk": -53}}, {"model": "app.message", "pk": 31, "fields": {"room": 2, "created_at": "2023-10-07T19:20:35.302Z", "step": "seen", "text": "Yooo", "image": null, "audio": null, "video": null, "user": 10, "old_pk": -378}}, {"model": "app.message", "pk": 32, "fields": {"room": 2, "created_at": "2023-10-07T19:20:42.761Z", "step": "seen", "text": "Comment tu vas", "image": null, "audio": null, "video": null, "user": 10, "old_pk": -734}}, {"model": "app.message", "pk": 33, "fields": {"room": 2, "created_at": "2023-10-07T19:20:58.141Z", "step": "seen", "text": "Ca vaaaaa", "image": null, "audio": null, "video": null, "user": 10, "old_pk": -750}}, {"model": "app.message", "pk": 34, "fields": {"room": 2, "created_at": "2023-10-07T19:21:12.983Z", "step": "seen", "text": "oui et toii", "image": null, "audio": null, "video": null, "user": 9, "old_pk": -693}}, {"model": "app.message", "pk": 35, "fields": {"room": 2, "created_at": "2023-10-07T19:21:24.384Z", "step": "seen", "text": "ca va bien", "image": null, "audio": null, "video": null, "user": 9, "old_pk": -516}}, {"model": "app.message", "pk": 36, "fields": {"room": 2, "created_at": "2023-10-07T19:22:20.318Z", "step": "seen", "text": "Et la journée finalement ca a été?", "image": null, "audio": null, "video": null, "user": 10, "old_pk": -16}}, {"model": "app.message", "pk": 37, "fields": {"room": 2, "created_at": "2023-10-07T19:22:35.278Z", "step": "seen", "text": "ouinoui et chez toi", "image": null, "audio": null, "video": null, "user": 9, "old_pk": -875}}, {"model": "app.message", "pk": 38, "fields": {"room": 2, "created_at": "2023-10-07T19:22:46.065Z", "step": "seen", "text": "Ouinoui??", "image": null, "audio": null, "video": null, "user": 10, "old_pk": -761}}, {"model": "app.message", "pk": 39, "fields": {"room": 2, "created_at": "2023-10-07T19:23:12.132Z", "step": "seen", "text": "je voulais dire ouii", "image": null, "audio": null, "video": null, "user": 9, "old_pk": -352}}, {"model": "app.message", "pk": 40, "fields": {"room": 2, "created_at": "2023-10-07T19:23:19.317Z", "step": "seen", "text": "Ah je voisss", "image": null, "audio": null, "video": null, "user": 10, "old_pk": -307}}, {"model": "app.message", "pk": 50, "fields": {"room": 2, "created_at": "2023-10-08T08:46:40.996Z", "step": "seen", "text": null, "image": 10, "audio": null, "video": null, "user": 9, "old_pk": -709}}, {"model": "app.message", "pk": 51, "fields": {"room": 2, "created_at": "2023-10-08T11:43:39.035Z", "step": "seen", "text": "tu ne reponds pas??", "image": null, "audio": null, "video": null, "user": 9, "old_pk": -510}}, {"model": "app.message", "pk": 53, "fields": {"room": 2, "created_at": "2023-10-08T13:35:14.184Z", "step": "seen", "text": null, "image": 12, "audio": null, "video": null, "user": 10, "old_pk": -318}}, {"model": "app.message", "pk": 54, "fields": {"room": 2, "created_at": "2023-10-08T15:59:51.986Z", "step": "seen", "text": null, "image": 14, "audio": null, "video": null, "user": 9, "old_pk": -317}}, {"model": "app.message", "pk": 55, "fields": {"room": 2, "created_at": "2023-10-08T16:19:21.053Z", "step": "seen", "text": null, "image": 15, "audio": null, "video": null, "user": 9, "old_pk": -855}}, {"model": "app.message", "pk": 58, "fields": {"room": 2, "created_at": "2023-10-08T18:17:27.047Z", "step": "seen", "text": null, "image": null, "audio": null, "video": 3, "user": 9, "old_pk": -146}}, {"model": "app.message", "pk": 59, "fields": {"room": 2, "created_at": "2023-10-08T19:25:34.868Z", "step": "seen", "text": null, "image": null, "audio": 1, "video": null, "user": 10, "old_pk": -234}}, {"model": "app.message", "pk": 73, "fields": {"room": 2, "created_at": "2023-10-09T12:21:13.133Z", "step": "seen", "text": null, "image": null, "audio": 15, "video": null, "user": 10, "old_pk": -701}}, {"model": "app.message", "pk": 75, "fields": {"room": 2, "created_at": "2023-10-09T16:37:26.770Z", "step": "seen", "text": null, "image": null, "audio": 17, "video": null, "user": 10, "old_pk": -635}}, {"model": "app.message", "pk": 76, "fields": {"room": 2, "created_at": "2023-10-10T08:23:25.618Z", "step": "seen", "text": null, "image": null, "audio": 18, "video": null, "user": 9, "old_pk": -795}}, {"model": "app.message", "pk": 77, "fields": {"room": 2, "created_at": "2023-10-10T08:37:57.549Z", "step": "seen", "text": null, "image": null, "audio": 19, "video": null, "user": 10, "old_pk": -811}}, {"model": "app.message", "pk": 79, "fields": {"room": 2, "created_at": "2023-10-11T10:36:10.636Z", "step": "seen", "text": "C'est toi qui m'a envoyé la demande?", "image": null, "audio": null, "video": null, "user": 10, "old_pk": -404}}, {"model": "app.message", "pk": 80, "fields": {"room": 2, "created_at": "2023-10-11T10:36:38.379Z", "step": "seen", "text": "Oui oui", "image": null, "audio": null, "video": null, "user": 9, "old_pk": -525}}]